,City,Cloudiness,Country,Date,Humidity,Lat,Lng,Max Temp,Wind Speed
0,Codrington,75,AU,1565886703,93,-28.95,153.24,59.0,8.05
1,Tuktoyaktuk,90,CA,1565886704,93,69.44,-133.03,41.0,25.28
2,Chokurdakh,53,RU,1565886704,73,70.62,147.9,40.84,11.77
3,Kozan,75,TR,1565886705,70,37.45,35.82,84.2,10.29
4,Hobart,75,AU,1565886705,81,-42.88,147.33,52.0,5.82
5,Nhulunbuy,1,AU,1565886705,94,-12.18,136.78,71.6,4.7
6,Seddon,75,AU,1565886706,54,-37.81,144.89,60.01,17.22
7,Narsaq,20,GL,1565886706,38,60.91,-46.05,59.0,9.17
8,Salaga,48,GH,1565886707,84,8.55,-0.52,79.18,4.14
9,Bathsheba,40,BB,1565886707,66,13.22,-59.52,89.6,24.16
10,Jamestown,61,AU,1565886707,28,-33.21,138.6,50.38,8.61
11,Hilo,90,US,1565886708,83,19.71,-155.08,73.4,3.36
12,Bluff,93,AU,1565886708,80,-23.58,149.07,59.92,8.57
13,Port Alfred,0,ZA,1565886709,83,-33.59,26.89,57.99,1.86
14,Kautokeino,100,NO,1565886709,88,69.01,23.04,52.0,9.1
15,Englehart,75,CA,1565886709,56,47.82,-79.87,68.0,4.7
16,Arraial do Cabo,75,BR,1565886710,56,-22.97,-42.02,69.8,16.11
17,Souillac,90,FR,1565886710,56,45.6,-0.6,72.0,12.75
18,Gat,75,SN,1565886710,50,14.69,-16.54,95.0,9.17
19,Rikitea,16,PF,1565886709,85,-23.12,-134.97,74.5,15.86
20,New Norfolk,75,AU,1565886711,81,-42.78,147.06,52.0,5.82
21,Salalah,90,OM,1565886705,100,17.01,54.1,77.0,5.82
22,Port-Gentil,75,GA,1565886712,78,-0.72,8.78,78.8,11.41
23,Jambi,99,ID,1565886712,83,-1.6,103.62,75.58,2.57
24,Atuona,22,PF,1565886713,75,-9.8,-139.03,79.36,15.48
25,Cherskiy,0,RU,1565886713,84,68.75,161.3,36.7,5.37
26,Ponta do Sol,0,BR,1565886714,45,-20.63,-46.0,71.08,9.53
27,Riyadh,0,SA,1565886714,11,24.63,46.72,104.0,10.29
28,Port Hardy,75,CA,1565886715,77,50.7,-127.42,60.8,3.36
29,Clyde River,75,CA,1565886705,87,70.47,-68.59,44.6,5.82
30,Lebu,75,ET,1565886700,77,8.96,38.73,64.4,4.7
31,Goderich,73,CA,1565886715,70,43.74,-81.71,72.0,5.97
32,Nanortalik,73,GL,1565886716,92,60.14,-45.24,38.86,6.17
33,Mataura,100,NZ,1565886716,82,-46.19,168.86,45.0,7.0
34,Ekibastuz,87,KZ,1565886716,71,51.72,75.32,62.8,5.28
35,Rosetta,0,EG,1565886717,62,31.4,30.42,86.0,10.29
36,Haimen,0,CN,1565886717,82,31.87,121.18,84.0,1.01
37,Port Elizabeth,75,US,1565886718,78,39.31,-74.98,82.99,10.29
38,Padang,75,ID,1565886718,85,-0.92,100.36,81.7,18.59
39,Palmer,0,AU,1565886719,77,-34.85,139.16,60.01,11.41
40,Nikolskoye,20,RU,1565886719,72,59.7,30.79,62.6,13.42
41,Tura,4,RU,1565886720,82,64.27,100.22,44.98,2.75
42,Cape Town,20,ZA,1565886436,87,-33.93,18.42,63.0,13.87
43,Forbes,0,AU,1565886720,68,-33.38,148.01,39.99,4.52
44,Yar-Sale,80,RU,1565886721,92,66.83,70.83,54.16,6.93
45,Kamenka,84,MD,1565886721,84,48.03,28.7,57.99,8.01
46,Busselton,77,AU,1565886722,71,-33.64,115.35,51.01,23.47
47,Dingle,100,PH,1565886722,88,11.0,122.67,74.5,4.85
48,Torbay,20,CA,1565886702,63,47.66,-52.73,70.0,14.99
49,Yellowknife,75,CA,1565886459,87,62.45,-114.38,57.0,9.17
50,Puerto Ayora,40,EC,1565886724,65,-0.74,-90.35,77.0,23.04
51,Guerrero Negro,9,MX,1565886725,77,27.97,-114.04,69.1,8.66
52,Albany,40,US,1565886725,57,42.65,-73.75,81.0,2.93
53,Puerto Leguizamo,71,CO,1565886727,69,-0.19,-74.78,82.6,3.65
54,Pangnirtung,75,CA,1565886727,71,66.15,-65.72,55.4,18.34
55,Guatire,75,VE,1565886728,69,10.47,-66.54,82.4,2.24
56,Georgetown,40,GY,1565886506,74,6.8,-58.16,87.8,13.87
57,Hermanus,0,ZA,1565886729,87,-34.42,19.24,60.01,7.45
58,Mastung,0,PK,1565886729,15,29.8,66.85,82.24,6.26
59,Vila,20,IT,1565886731,42,45.18,8.4,84.0,6.93
60,Vao,1,EE,1565886731,77,59.1,26.19,56.5,7.81
61,Nouakchott,60,MR,1565886732,58,18.08,-15.98,87.8,14.99
62,Matara,31,BI,1565886733,57,-3.48,29.48,53.98,0.76
63,Zmeinogorsk,84,RU,1565886734,81,51.15,82.2,61.0,5.28
64,Hithadhoo,96,MV,1565886734,69,-0.6,73.08,83.5,6.64
65,Suntar,100,RU,1565886735,96,62.16,117.65,56.86,7.85
66,Butaritari,100,KI,1565886735,68,3.07,172.79,84.04,9.93
67,Otsuki,90,JP,1565886735,88,35.64,138.92,84.0,17.22
68,Avarua,1,CK,1565886484,78,-21.21,-159.78,71.6,1.12
69,Tole,75,CM,1565886736,83,4.11,9.25,80.6,4.7
70,Houma,14,CN,1565886736,31,35.63,111.36,79.18,3.44
71,Khatanga,100,RU,1565886698,55,71.98,102.47,50.56,7.36
72,Thompson,75,CA,1565886589,87,55.74,-97.86,60.8,4.7
73,Ushuaia,75,AR,1565886701,74,-54.81,-68.31,39.2,25.28
74,Astoria,90,US,1565886590,77,46.19,-123.83,66.0,6.93
75,Brae,40,GB,1565886738,71,60.4,-1.35,57.2,24.16
76,Punta Arenas,40,CL,1565886697,62,-53.16,-70.91,37.4,16.11
77,Saint George,75,GR,1565886738,88,39.45,22.34,84.0,13.87
78,Sofiyivka,75,UA,1565886739,83,48.05,33.87,71.6,2.24
79,Santiago,60,PH,1565886723,82,16.69,121.54,74.32,3.67
80,Vardo,75,US,1565886735,74,39.62,-77.74,82.4,5.82
81,Araouane,59,ML,1565886741,24,18.9,-3.53,100.6,9.28
82,Barrow,100,AR,1565886741,46,-38.31,-60.23,57.04,6.8
83,Qaanaaq,0,GL,1565886697,37,77.48,-69.36,45.52,2.73
84,Carinhanha,27,BR,1565886742,31,-14.3,-43.77,85.48,9.48
85,Nizhniy Kuranakh,56,RU,1565886743,95,58.84,125.49,48.04,2.3
86,Sao Filipe,58,CV,1565886737,83,14.9,-24.5,76.12,23.06
87,Hayden,20,US,1565886601,63,47.77,-116.79,68.0,5.21
88,Burns Lake,94,CA,1565886745,63,54.23,-125.76,59.74,7.11
89,Norman Wells,75,CA,1565886713,81,65.28,-126.83,53.6,12.75
90,Kapaa,75,US,1565886745,83,22.08,-159.32,80.6,10.29
91,Ketchikan,90,US,1565886746,77,55.34,-131.65,62.6,6.93
92,San Quintin,100,PH,1565886746,88,17.54,120.52,76.12,6.24
93,Xianyang,0,CN,1565886747,69,34.31,108.72,73.4,2.24
94,Owando,92,CG,1565886748,67,-0.49,15.91,80.26,5.08
95,Saint-Philippe,1,CA,1565886749,43,45.36,-73.48,75.2,6.93
96,Neiafu,75,TO,1565886749,94,-18.65,-173.98,71.6,2.24
97,Wajir,0,KE,1565886750,35,1.75,40.07,86.0,13.87
98,Byron Bay,90,AU,1565886751,67,-28.65,153.62,59.0,1.12
99,Bethel,90,US,1565886735,93,60.79,-161.76,53.6,13.87
100,Mattru,100,SL,1565886752,99,7.62,-11.83,73.06,1.81
101,Kanakapura,75,IN,1565886752,88,12.54,77.42,73.4,4.7
102,Saldanha,0,PT,1565886731,27,41.42,-6.55,86.56,12.12
103,Yining,0,CN,1565886753,80,29.04,114.56,73.42,1.3
104,Mayo,40,CA,1565886754,58,63.59,-135.9,59.0,9.17
105,Gazli,0,UZ,1565886755,21,40.13,63.45,72.7,7.72
106,Adrar,0,DZ,1565886632,7,27.87,-0.29,114.8,11.41
107,Sitka,0,US,1565886755,36,37.17,-99.65,89.01,11.01
108,Lingao,0,CN,1565886756,81,19.91,109.69,84.94,9.75
109,Progreso,0,UY,1565886756,58,-34.68,-56.22,57.99,13.87
110,Saint-Pierre,0,FR,1565886756,56,48.95,4.24,72.0,17.22
111,Mezen,100,RU,1565886757,96,65.85,44.24,55.06,5.5
112,Tiarei,20,PF,1565886758,78,-17.53,-149.33,71.6,3.36
113,Touros,75,BR,1565886758,74,-5.2,-35.46,80.6,16.11
114,Onega,100,RU,1565886759,85,63.91,38.09,54.34,7.07
115,Ilulissat,75,GL,1565886759,75,69.22,-51.1,44.6,6.93
116,Ugoofaaru,86,MV,1565886760,75,5.67,73.0,83.14,8.93
117,Vaini,61,IN,1565886699,93,15.34,74.49,76.66,5.68
118,Basugaon,100,IN,1565886761,95,26.47,90.4,78.1,2.93
119,Camacha,75,PT,1565886761,73,33.08,-16.33,78.8,16.11
120,Wairoa,7,NZ,1565886762,93,-39.04,177.43,37.0,4.0
121,Tazovskiy,28,RU,1565886762,70,67.47,78.7,56.14,11.79
122,Colares,0,PT,1565886762,45,38.8,-9.45,89.6,27.51
123,Mporokoso,0,ZM,1565886763,45,-9.37,30.12,66.4,11.72
124,Torata,90,EC,1565886763,88,-3.6,-79.89,89.6,6.51
125,Upernavik,0,GL,1565886749,79,72.79,-56.15,42.64,8.28
126,Tasiilaq,75,GL,1565886764,81,65.61,-37.64,44.6,8.05
127,San Patricio,8,PY,1565886704,56,-26.98,-56.83,72.34,4.36
128,Ribeira Grande,40,PT,1565886764,78,38.52,-28.7,77.0,9.17
129,Severo-Kurilsk,100,RU,1565886715,97,50.68,156.12,48.04,15.61
130,Kamaishi,89,JP,1565886765,99,39.28,141.86,71.44,5.99
131,East London,0,ZA,1565886722,77,-33.02,27.91,64.4,5.82
132,Zhezkazgan,75,KZ,1565886766,87,47.8,67.71,55.4,6.71
133,Bambous Virieux,40,MU,1565886767,73,-20.34,57.76,71.6,5.82
134,Launceston,75,AU,1565886767,93,-41.43,147.14,50.0,13.87
135,Saskylakh,94,RU,1565886696,65,71.97,114.09,46.96,5.55
136,Mount Isa,0,AU,1565886768,46,-20.73,139.49,53.6,8.63
137,Praia da Vitoria,40,PT,1565886736,65,38.73,-27.07,78.8,10.25
138,Solnechnyy,100,RU,1565886768,98,50.72,136.64,56.68,6.31
139,Lakatoro,50,VU,1565886769,76,-16.11,167.42,77.74,12.19
140,Mehamn,75,NO,1565886769,87,71.03,27.85,50.0,6.93
141,Areosa,0,PT,1565886770,78,41.72,-8.86,86.0,14.99
142,Kavaratti,80,IN,1565886770,80,10.57,72.64,82.06,18.01
143,Severo-Yeniseyskiy,0,RU,1565886770,94,60.37,93.04,52.18,1.81
144,Mahebourg,40,MU,1565886771,73,-20.41,57.7,71.6,5.82
145,Singaraja,81,ID,1565886771,69,-8.11,115.08,77.56,8.34
146,Vostok,100,RU,1565886772,97,46.45,135.83,62.44,4.27
147,Dikson,100,RU,1565886772,100,73.51,80.55,44.26,5.12
148,Marquette,40,US,1565886772,37,46.54,-87.4,75.0,1.12
149,Kalyan,75,IN,1565886773,83,19.24,73.14,82.4,8.05
150,Cabo San Lucas,75,MX,1565886644,51,22.89,-109.91,89.6,2.24
151,Santa Fe,96,AR,1565886675,55,-31.62,-60.7,63.0,3.0
152,Vila Franca do Campo,20,PT,1565886698,73,37.72,-25.43,75.2,8.05
153,Okha,100,RU,1565886774,90,53.59,142.95,50.92,9.24
154,Portsmouth,20,GB,1565886544,52,50.8,-1.08,72.0,12.75
155,Banda Aceh,100,ID,1565886589,76,5.56,95.32,83.58,18.61
156,Faya,40,SA,1565886775,78,18.39,42.45,75.2,8.05
157,Nuuk,75,GL,1565886776,81,64.17,-51.74,44.6,12.75
158,Yerbogachen,38,RU,1565886776,93,61.28,108.01,52.54,6.4
159,Provideniya,98,RU,1565886777,91,64.42,-173.23,47.5,1.7
160,Montepuez,14,MZ,1565886777,37,-13.13,39.0,75.58,5.93
161,Leningradskiy,100,RU,1565886771,94,69.38,178.42,37.24,14.9
162,Chuy,100,UY,1565886611,80,-33.69,-53.46,55.78,7.23
163,Rocha,100,UY,1565886778,75,-34.48,-54.34,56.32,6.82
164,Vredendal,0,ZA,1565886778,76,-31.68,18.49,62.26,20.56
165,Orlik,0,PL,1565886779,35,53.95,17.74,73.0,5.82
166,Berlevag,75,NO,1565886779,87,70.86,29.09,50.0,6.93
167,Pevek,100,RU,1565886779,95,69.7,170.27,32.02,15.43
168,Mehran,0,IR,1565886780,21,33.12,46.17,89.6,4.7
169,Requena,20,ES,1565886780,58,39.49,-1.1,89.01,11.41
170,Sao Joao da Barra,75,BR,1565886781,46,-21.64,-41.05,73.4,13.87
171,Kalabo,0,ZM,1565886781,18,-15.0,22.67,68.2,7.14
172,Lorengau,96,PG,1565886781,85,-2.02,147.27,77.38,6.8
173,Grand Gaube,40,MU,1565886782,73,-20.01,57.66,71.6,5.82
174,Myronivka,85,UA,1565886783,74,49.66,30.98,63.34,11.34
175,Nuevo Progreso,90,US,1565886783,49,26.05,-97.95,93.2,10.29
176,Hedaru,38,TZ,1565886784,65,-4.5,37.91,68.56,14.61
177,Luderitz,0,NA,1565886606,13,-26.65,15.16,91.4,10.29
178,Victoria,75,BN,1565886784,94,5.28,115.24,78.01,4.7
179,Udachnyy,90,RU,1565886785,93,66.42,112.4,46.4,8.95
180,Lompoc,75,US,1565886645,100,34.64,-120.46,68.0,3.36
181,Half Moon Bay,1,US,1565886786,60,37.46,-122.43,82.99,4.76
182,Hami,89,CN,1565886786,13,42.84,93.51,89.26,23.82
183,Fortuna,90,US,1565886786,100,40.6,-124.16,61.0,4.7
184,Saint-Georges,0,CA,1565886787,54,46.12,-70.67,70.0,5.01
185,Kodiak,1,US,1565886715,61,39.95,-94.76,81.0,4.7
186,Matagami,91,NG,1565886787,95,9.67,8.4,70.36,1.81
187,Mar del Plata,74,AR,1565886723,50,-46.43,-67.52,41.38,17.16
188,Marovoay,40,MG,1565886788,74,-16.11,46.64,78.8,8.05
189,Agogo,34,GH,1565886788,70,6.8,-1.08,78.82,2.95
190,Manzhouli,100,CN,1565886789,53,49.6,117.43,58.66,11.43
191,Hasaki,75,JP,1565886782,88,35.73,140.83,82.4,16.11
192,Cidreira,67,BR,1565886761,62,-30.17,-50.22,63.16,11.79
193,Bilibino,95,RU,1565886789,93,68.06,166.44,32.38,1.77
194,Mogadishu,45,SO,1565886652,79,2.04,45.34,75.58,16.33
195,The Valley,75,AI,1565886790,74,18.22,-63.06,90.0,16.11
196,Rome,0,IT,1565886663,51,41.89,12.48,87.01,13.87
197,Pundaguitan,93,PH,1565886791,83,6.37,126.17,80.26,13.09
198,Namatanai,84,PG,1565886741,82,-3.66,152.44,78.28,9.01
199,Doha,0,QA,1565886491,71,25.29,51.53,100.4,9.17
200,Esperance,0,AU,1565886781,93,-33.86,121.89,44.6,8.05
201,Kutum,83,SD,1565886792,65,14.2,24.66,76.84,13.27
202,Esil,66,KZ,1565886792,80,51.96,66.41,63.34,10.56
203,Quatre Cocos,40,MU,1565886792,73,-20.21,57.76,71.6,5.82
204,Yatou,75,CM,1565886793,83,3.63,9.81,80.6,4.7
205,Suclayin,100,PH,1565886793,93,15.76,121.55,70.54,3.91
206,Artyom,75,RU,1565886794,100,43.36,132.19,68.0,4.47
207,Cabedelo,75,BR,1565886794,69,-6.97,-34.84,82.4,18.34
208,Carnarvon,0,ZA,1565886709,16,-30.97,22.13,64.06,9.31
209,Bandarbeyla,0,SO,1565886795,66,9.49,50.81,74.86,27.87
210,Tongzi,0,CN,1565886795,67,28.78,105.09,76.12,1.79
211,Te Anau,100,NZ,1565886796,83,-45.41,167.72,45.88,11.74
212,Port Lincoln,29,AU,1565886796,89,-34.72,135.86,57.22,13.65
213,Nome,40,US,1565886689,62,30.04,-94.42,91.0,5.68
214,Matamoros,75,US,1565886797,56,25.87,-97.51,93.2,8.05
215,Kachug,100,RU,1565886798,85,53.96,105.89,48.4,2.24
216,Longyearbyen,75,NO,1565886798,95,78.22,15.63,37.4,16.11
217,Tuatapere,100,NZ,1565886799,82,-46.13,167.69,45.0,7.0
218,Castro,90,CL,1565886703,93,-42.48,-73.76,46.4,11.41
219,Mackay,40,CA,1565886799,63,53.65,-115.58,66.2,9.17
220,Atar,27,MR,1565886800,17,20.52,-13.05,107.44,11.01
221,Hoquiam,90,US,1565886800,88,46.98,-123.89,66.99,4.7
222,Pisco,90,PE,1565886609,30,-13.71,-76.2,71.6,8.05
223,Acapulco,75,MX,1565886801,70,16.86,-99.88,87.8,4.7
224,Shenjiamen,0,CN,1565886802,76,29.96,122.3,82.42,5.55
225,Fort Nelson,90,CA,1565886802,93,58.81,-122.69,59.0,3.36
226,Makasar,20,ID,1565886803,78,-6.28,106.88,80.01,9.17
227,Avera,40,US,1565886803,74,33.19,-82.53,91.0,4.7
228,Malanje,0,AO,1565886803,14,-9.54,16.35,76.12,4.25
229,Waingapu,39,ID,1565886804,94,-9.65,120.26,65.86,7.02
230,Lasa,40,CY,1565886804,66,34.92,32.53,84.2,3.36
231,Ormara,23,PK,1565886805,81,25.21,64.64,80.8,8.79
232,Mount Gambier,90,AU,1565886805,54,-37.83,140.78,55.4,11.41
233,Villarrica,75,CL,1565886805,81,-39.28,-72.23,52.0,2.24
234,Tshela,62,CD,1565886806,72,-4.99,12.94,74.14,6.42
235,Puri,68,ID,1565886806,77,-7.54,112.45,71.98,11.48
236,Bandundu,79,CD,1565886807,35,-3.32,17.38,87.46,1.7
237,Ryotsu,100,JP,1565886807,66,38.08,138.43,86.0,4.7
238,Axim,11,GH,1565886807,88,4.87,-2.24,75.94,8.48
239,Bredasdorp,0,ZA,1565886740,77,-34.53,20.04,62.6,6.93
240,Dargaville,100,NZ,1565886808,66,-35.94,173.86,54.88,12.97
241,Iqaluit,90,CA,1565886809,93,63.75,-68.52,41.0,4.7
242,Huarmey,47,PE,1565886699,92,-10.07,-78.15,60.82,11.34
243,Tiksi,99,RU,1565886652,91,71.64,128.87,42.28,12.55
244,San Cristobal,100,HN,1565886810,41,14.68,-86.92,85.84,9.6
245,Andreapol,83,RU,1565886810,80,56.65,32.27,52.54,2.53
246,Katsuura,75,JP,1565886741,88,33.93,134.5,82.4,12.75
247,San Matias,0,BO,1565886810,19,-16.36,-58.4,95.92,6.06
248,Champerico,40,MX,1565886811,65,16.38,-93.6,82.4,3.94
249,Batagay,0,RU,1565886789,68,67.65,134.64,53.08,4.21
250,Harper,1,US,1565886812,45,30.3,-99.24,93.0,3.36
251,Slupca,86,PL,1565886812,30,52.29,17.87,73.99,8.01
252,Lagoa,0,PT,1565886813,57,37.14,-8.45,87.01,10.29
253,Aksarka,17,RU,1565886813,89,66.56,67.8,52.54,4.72
254,Paka,100,CF,1565886814,97,4.15,15.03,70.54,2.26
255,Posse,0,BR,1565886814,26,-14.08,-46.36,87.46,10.42
256,Antalaha,23,MG,1565886815,98,-14.9,50.28,61.54,3.06
257,Airai,2,TL,1565886774,78,-8.93,125.41,64.96,4.61
258,Aquiraz,20,BR,1565886815,52,-3.9,-38.39,87.8,21.92
259,Yulara,0,AU,1565886721,24,-25.24,130.99,42.8,11.97
260,Sinnamary,40,GF,1565886816,69,5.38,-52.96,82.6,6.42
261,Kaeo,82,NZ,1565886816,94,-35.1,173.78,46.0,3.0
262,Mbaiki,59,CF,1565886817,90,3.87,17.99,71.8,1.1
263,Mutoko,0,ZW,1565886817,70,-17.4,32.23,57.76,7.07
264,Scarborough,78,GB,1565886817,52,54.28,-0.41,68.0,14.99
265,Benguela,0,AO,1565886818,83,-12.58,13.4,71.6,4.7
266,Whitehorse,75,CA,1565886818,82,60.72,-135.06,57.2,8.05
267,Aklavik,90,CA,1565886818,86,68.22,-135.01,41.0,18.34
268,Zhob,11,PK,1565886819,46,31.34,69.45,79.36,4.21
269,Ciudad Bolivar,44,VE,1565886820,62,8.12,-63.55,87.64,3.89
270,Shellbrook,75,CA,1565886820,72,53.22,-106.39,66.2,5.82
271,Talnakh,0,RU,1565886700,82,69.49,88.39,55.4,8.95
272,Telica,100,HN,1565886821,48,14.72,-86.14,83.68,2.89
273,Xunchang,0,CN,1565886821,67,28.45,104.71,70.72,3.87
274,Kruisfontein,0,ZA,1565886709,65,-34.0,24.73,51.64,3.89
275,Adelaide,0,AU,1565886681,72,-34.93,138.6,60.01,11.41
276,Vestmannaeyjar,0,IS,1565886822,76,63.44,-20.27,51.8,16.11
277,Loiza,75,PR,1565886822,70,18.43,-65.88,90.0,18.34
278,Parkent,0,UZ,1565886823,31,41.29,69.68,75.2,5.5
279,Zhigansk,4,RU,1565886824,78,66.77,123.37,51.1,19.08
280,Bundaberg,0,AU,1565886824,87,-24.87,152.35,54.0,5.82
281,Yuzhnyy,100,RU,1565886825,69,53.54,39.45,71.8,5.1
282,Dwarka,75,IN,1565886825,74,28.58,77.04,91.0,6.93
283,Aitape,0,PG,1565886825,82,-3.15,142.36,75.04,3.74
284,Margate,75,AU,1565886826,81,-43.03,147.26,52.0,5.82
285,Isangel,20,VU,1565886799,93,-19.55,169.27,62.6,24.56
286,Seoul,90,KR,1565886074,112,37.57,126.98,77.0,11.86
287,Chapais,75,CA,1565886827,55,49.78,-74.86,62.6,2.24
288,Namibe,90,AO,1565886762,82,-15.19,12.15,68.0,16.11
289,Licata,20,IT,1565886827,58,37.11,13.95,86.0,17.22
290,Warrington,20,GB,1565886828,55,53.39,-2.59,66.0,23.04
291,Savonlinna,75,FI,1565886828,87,61.87,28.88,57.2,5.82
292,Cockburn Town,46,TC,1565886829,78,21.46,-71.14,84.22,18.48
293,Sarangani,95,PH,1565886829,81,5.4,125.46,81.34,9.24
294,Celestun,34,MX,1565886829,75,20.87,-90.4,82.96,9.13
295,Srednekolymsk,0,RU,1565886754,73,67.46,153.71,39.76,10.63
296,Gwadar,4,PK,1565886830,83,25.12,62.33,80.08,4.72
297,Mecca,42,SA,1565886663,49,21.43,39.83,91.78,9.91
298,Karratha,0,AU,1565886695,42,-20.74,116.85,62.62,13.06
299,Kaset Sombun,98,TH,1565886831,96,16.28,101.95,70.9,5.64
300,Beringovskiy,74,RU,1565886831,66,63.05,179.32,41.56,5.1
301,Lavrentiya,100,RU,1565886832,94,65.58,-170.99,39.94,4.38
302,Antofagasta,0,CL,1565886804,59,-23.65,-70.4,69.01,9.17
303,Ligayan,0,PH,1565886832,79,4.65,119.47,82.42,6.6
304,Jiwani,0,PK,1565886833,84,25.05,61.74,80.08,5.57
305,Umm Lajj,5,SA,1565886833,66,25.02,37.27,89.08,9.24
306,Sao Gabriel da Cachoeira,75,BR,1565886833,88,-0.13,-67.09,77.0,4.7
307,Ancud,90,CL,1565886734,93,-41.87,-73.83,46.4,11.41
308,Dabra,75,IN,1565886834,94,25.88,78.33,78.8,13.87
309,Faanui,0,PF,1565886773,79,-16.48,-151.75,78.46,15.3
310,Macapa,40,BR,1565886835,63,0.05,-51.07,91.4,13.87
311,Lucapa,0,AO,1565886835,18,-8.42,20.74,76.12,5.28
312,Ternovka,37,RU,1565886836,60,51.69,41.59,75.76,5.55
313,Yurla,93,RU,1565886836,97,59.33,54.32,58.66,5.93
314,Dunedin,100,NZ,1565886836,81,-45.87,170.5,46.0,5.01
315,Mocuba,21,MZ,1565886837,90,-16.84,36.99,67.3,6.04
316,Toyooka,100,JP,1565886837,93,35.55,134.82,75.22,14.18
317,Roald,0,NO,1565886837,72,62.58,6.12,69.8,17.22
318,Shikhazany,20,RU,1565886838,60,55.56,47.39,73.4,6.71
319,Nelson Bay,0,AU,1565886838,86,-32.72,152.14,53.01,15.57
320,Haines Junction,100,CA,1565886838,69,60.75,-137.51,55.96,1.39
321,Feltre,0,IT,1565886839,47,46.02,11.91,82.99,6.93
322,Gidole,12,ET,1565886839,55,5.65,37.37,73.6,2.19
323,Caravelas,98,BR,1565886839,67,-17.73,-39.27,71.08,19.91
324,Arequipa,0,PE,1565886840,11,-16.4,-71.54,69.8,8.05
325,Buenaventura,100,CO,1565886840,83,3.89,-77.07,79.36,18.88
326,Rosarito,75,CO,1565886841,63,4.91,-75.23,87.8,6.93
327,Lazurne,100,UA,1565886841,54,46.77,34.99,77.2,8.46
328,Poum,40,MK,1565886842,41,41.28,20.71,78.8,10.29
329,Itarema,13,BR,1565886791,44,-2.92,-39.92,90.16,16.26
330,Wilmington Island,20,US,1565886842,66,32.0,-80.97,91.99,5.82
331,Belyy Yar,0,RU,1565886787,82,53.6,91.39,60.8,4.47
332,Sibenik,94,HR,1565886843,63,45.81,17.18,63.52,0.31
333,Poopo,20,BO,1565886843,29,-18.38,-66.97,60.8,6.93
334,Nokaneng,0,BW,1565886843,23,-19.66,22.19,69.64,7.45
335,Dakoro,82,NE,1565886844,42,14.51,6.76,93.04,14.0
336,Corn Island,100,NI,1565886844,85,12.17,-83.04,79.54,12.08
337,LaBelle,75,US,1565886844,70,26.76,-81.44,91.0,6.93
338,Asyut,0,EG,1565886845,25,27.18,31.19,98.6,9.17
339,Taupo,74,NZ,1565886845,38,-38.68,176.08,44.01,3.0
340,Alofi,100,NU,1565886720,100,-19.06,-169.92,69.8,5.82
341,Calama,0,CL,1565886763,5,-22.46,-68.93,73.4,3.36
342,Galbshtadt,100,RU,1565886846,88,53.23,78.98,62.44,3.51
343,Guiratinga,0,BR,1565886847,13,-16.35,-53.76,94.3,9.86
344,Bull Savanna,22,JM,1565886847,74,17.89,-77.59,85.3,17.76
345,Kushima,96,JP,1565886847,88,31.5,131.29,76.12,6.91
346,Aripuana,6,BR,1565886798,19,-9.17,-60.63,99.7,4.79
347,Vestmanna,40,FO,1565886803,76,62.16,-7.17,55.4,12.75
348,Kologriv,66,RU,1565886849,95,58.83,44.31,56.32,8.16
349,Bukama,0,CD,1565886849,25,-9.2,25.85,75.22,4.41
350,Camocim,28,BR,1565886849,36,-2.9,-40.84,94.12,8.46
351,Madison Heights,90,US,1565886850,64,42.49,-83.11,80.01,4.7
352,Vilcun,75,CL,1565886850,81,-38.65,-72.23,52.0,2.24
353,Shimoda,75,JP,1565886850,88,34.7,138.93,84.0,19.46
354,Skibbereen,75,IE,1565886851,68,51.55,-9.27,64.4,13.87
355,Kokstad,0,ZA,1565886851,30,-30.55,29.42,52.0,4.72
356,Tromso,75,NO,1565886852,93,69.65,18.96,53.6,2.24
357,Cayenne,20,GF,1565886853,66,4.94,-52.33,87.8,14.99
358,Dhidhdhoo,41,MV,1565886853,78,6.88,73.1,82.24,10.56
359,Altay,73,CN,1565886854,68,47.83,88.13,56.5,10.67
360,Gukovo,0,RU,1565886854,25,48.05,39.94,87.8,17.9
361,San Carlos de Bariloche,40,AR,1565886855,71,-41.13,-71.31,46.4,10.29
362,Sidi Ali,0,DZ,1565886855,60,36.1,0.42,80.62,20.54
363,Antsohihy,82,MG,1565886856,62,-14.88,47.99,77.56,17.38
364,Porto Walter,0,BR,1565886856,25,-8.27,-72.74,92.14,3.91
365,Conakry,75,GN,1565886856,83,9.52,-13.7,80.6,11.41
366,La Rioja,82,AR,1565886560,30,-29.41,-66.86,55.68,5.06
367,Aldan,56,RU,1565886857,95,58.61,125.39,48.04,2.3
368,Ifo,40,NG,1565886858,74,6.81,3.2,84.2,10.29
369,Kenai,1,US,1565886858,77,60.55,-151.26,63.0,6.93
370,Cloquet,1,US,1565886662,56,46.72,-92.46,73.99,7.31
371,Sistranda,20,NO,1565886858,59,63.73,8.83,64.4,10.29
372,Chabahar,20,IR,1565886611,79,25.29,60.65,86.0,4.7
373,Ixtapa,90,MX,1565886835,94,20.71,-105.21,84.99,12.75
374,Laguna,75,BZ,1565886858,88,16.17,-88.94,82.4,6.93
375,Shitanjing,22,CN,1565886860,30,39.23,106.34,70.0,4.0
376,Taos,0,US,1565886860,37,36.41,-105.57,80.01,6.93
377,Soto la Marina,100,MX,1565886860,24,23.77,-98.21,100.96,2.77
378,Zyryanka,12,RU,1565886861,64,65.73,150.89,47.68,7.54
379,Vermilion,40,CA,1565886861,68,53.35,-110.85,66.2,9.17
380,Tautira,20,PF,1565886719,78,-17.73,-149.15,71.6,3.36
381,Samarai,96,PG,1565886862,95,-10.62,150.67,73.6,6.29
382,College,90,US,1565886609,93,64.86,-147.8,55.4,5.82
383,Balakhta,76,RU,1565886863,70,55.38,91.62,57.04,7.38
384,Nichinan,96,JP,1565886761,88,31.65,131.31,76.12,6.91
385,Beirut,20,LB,1565886864,66,33.9,35.48,84.99,4.7
386,Gbarnga,94,LR,1565886864,96,7.0,-9.47,74.86,4.18
387,Antigonish,1,CA,1565886865,47,45.62,-61.99,78.01,10.29
388,Yumen,100,CN,1565886865,22,40.29,97.04,76.84,32.03
389,Porto Novo,20,BR,1565886865,45,-23.68,-45.44,68.0,8.05
390,Serebryansk,86,KZ,1565886866,95,49.68,83.3,53.98,4.65
391,High Level,75,CA,1565886866,82,58.52,-117.13,59.0,4.7
392,Mujiayingzi,100,CN,1565886867,82,42.12,118.78,55.96,3.22
393,Katobu,16,ID,1565886867,96,-4.94,122.53,70.36,4.07
394,Coruripe,32,BR,1565886867,89,-10.12,-36.18,72.52,11.7
395,Champasak,99,LA,1565886868,94,14.89,105.88,76.48,5.19
396,Mareeba,90,AU,1565886869,77,-16.99,145.42,71.01,12.75
397,Mogapi,0,BW,1565886870,56,-22.32,27.84,73.4,12.75
398,Plast,3,RU,1565886870,85,54.37,60.81,59.38,1.97
399,Manicore,32,BR,1565886871,29,-5.81,-61.3,93.4,5.14
400,Sioux Lookout,75,CA,1565886871,49,50.1,-91.92,73.4,9.17
401,Kuldur,100,RU,1565886871,99,49.22,131.63,59.38,6.13
402,Monticello,75,US,1565886709,69,40.03,-88.57,75.99,9.17
403,Nishihara,75,JP,1565886781,88,35.74,139.53,84.2,29.97
404,Xinzhi,75,TW,1565886873,83,22.54,120.62,84.2,14.99
405,Shubarshi,0,KZ,1565886873,38,48.59,57.19,71.98,7.76
406,Bubaque,61,GW,1565886873,82,11.28,-15.83,79.0,13.35
407,Kaitangata,100,NZ,1565886813,81,-46.28,169.85,41.0,5.01
408,Omboue,1,GA,1565886874,86,-1.57,9.26,74.14,14.12
409,Aberdeen,90,US,1565886668,88,46.98,-123.82,66.0,4.7
410,Lyaskelya,83,RU,1565886875,93,61.77,31.02,52.0,5.44
411,Ambilobe,12,MG,1565886876,70,-13.19,49.05,71.08,3.94
412,Northam,0,AU,1565886876,93,-31.65,116.67,42.8,1.12
413,El Alto,20,BO,1565886877,26,-16.5,-68.19,57.2,9.17
414,Petrovskoye,20,RU,1565886877,72,56.26,36.47,64.4,8.95
415,Camabatela,0,AO,1565886877,22,-8.19,15.37,78.64,3.56
416,Talca,90,CL,1565886878,100,-35.43,-71.66,50.0,5.82
417,Bluffton,75,US,1565886878,88,40.74,-85.17,79.0,3.36
418,La Ronge,20,CA,1565886719,72,55.1,-105.3,66.2,11.41
419,Hualmay,32,PE,1565886879,89,-11.1,-77.61,60.46,11.01
420,Klyuchi,100,RU,1565886879,88,52.25,79.17,62.08,6.67
421,Henties Bay,0,NA,1565886778,77,-22.12,14.28,64.99,11.99
422,Pacific Grove,1,US,1565886829,64,36.62,-121.92,80.01,3.36
423,Pangkalanbuun,50,ID,1565886880,96,-2.68,111.62,71.62,1.7
424,Ambovombe,1,MG,1565886880,75,-25.18,46.09,70.0,17.49
425,Alta Floresta,0,BR,1565886881,26,-9.87,-56.08,95.0,10.29
426,Pacasmayo,100,PE,1565886881,95,-7.4,-79.57,60.64,10.89
427,Broome,40,GB,1565886793,45,52.47,1.45,70.0,19.46
428,Flinders,0,AU,1565886882,53,-34.58,150.85,54.0,14.99
429,Sisimiut,100,GL,1565886882,90,66.94,-53.67,42.1,9.89
430,Qasigiannguit,75,GL,1565886883,75,68.82,-51.19,44.6,6.93
431,Juneau,90,US,1565886637,93,58.3,-134.42,59.0,3.36
432,Pontianak,40,ID,1565886884,88,-0.02,109.34,80.6,17.9
433,Saint Anthony,1,US,1565886820,42,43.97,-111.68,73.0,6.76
434,Greenville,75,US,1565886884,66,34.85,-82.4,89.01,2.86
435,Tias,20,ES,1565886885,62,28.96,-13.65,84.2,24.16
436,Monrovia,75,LR,1565886885,83,6.33,-10.8,82.4,5.82
437,Jidong,100,CN,1565886885,99,45.25,131.14,65.86,8.08
438,Backo Petrovo Selo,0,RS,1565886886,46,45.71,20.08,66.58,6.64
439,Ende,0,ID,1565886886,78,-8.84,121.65,75.04,4.72
440,Muli,0,CN,1565886887,79,28.08,109.56,73.78,1.5
441,Hofn,40,IS,1565886808,66,64.25,-15.21,53.6,8.05
442,Takoradi,32,GH,1565886887,76,4.89,-1.75,77.92,6.89
443,Garoua Boulai,34,CM,1565886888,94,5.88,14.55,68.74,2.42
444,Kurchum,99,KZ,1565886888,72,48.57,83.65,60.28,2.93
445,Sangar,100,RU,1565886889,49,63.92,127.47,63.52,6.67
446,Alekseyevka,0,RU,1565886889,46,53.25,50.49,73.4,4.47
447,Muscat,0,OM,1565886624,66,23.6,58.55,91.4,3.36
448,Altayskoye,100,RU,1565886890,98,51.95,85.34,59.02,8.39
449,Semme,90,FR,1565886891,56,46.2,1.5,68.0,6.93
450,Najran,40,SA,1565886891,19,17.54,44.22,95.0,9.17
451,Coihaique,0,CL,1565886892,51,-45.58,-72.07,39.2,0.6
452,Baijiantan,100,CN,1565886892,44,45.63,85.18,68.74,25.19
453,Keuruu,90,FI,1565886893,62,62.26,24.71,60.01,11.41
454,Mandurah,40,AU,1565886893,93,-32.55,115.7,51.01,10.29
455,Manuk Mangkaw,1,PH,1565886893,76,4.8,119.85,82.78,6.71
456,Port Hedland,55,AU,1565886894,93,-20.31,118.58,64.4,8.05
457,Kosmynino,0,RU,1565886894,77,57.55,40.74,62.6,6.71
458,Paamiut,23,GL,1565886894,90,61.99,-49.67,40.84,5.53
459,Paola,40,IT,1565886895,65,39.36,16.04,84.99,19.46
460,Vytegra,13,RU,1565886895,74,61.01,36.45,59.56,15.73
461,Prieska,0,ZA,1565886895,22,-29.67,22.74,62.8,3.8
462,Kununurra,9,AU,1565886736,62,-15.77,128.74,57.2,2.24
463,Lincoln,75,GB,1565886666,52,53.23,-0.54,68.0,12.75
464,Boddam,0,GB,1565886896,48,57.47,-1.78,62.6,17.22
465,Khorramshahr,20,IR,1565886897,23,30.43,48.18,105.8,6.93
466,Ayan,68,IR,1565886897,38,38.23,44.7,66.58,2.93
467,Waddan,16,LY,1565886898,35,29.16,16.14,90.16,19.33
468,Perivolion,20,GR,1565886898,38,39.42,20.01,87.8,18.34
469,Pasighat,70,IN,1565886898,97,28.06,95.33,71.62,1.95
470,Sompeta,95,IN,1565886899,84,18.93,84.6,80.26,4.7
471,Myski,83,RU,1565886899,92,53.71,87.8,59.92,1.95
472,Kavieng,99,PG,1565886723,72,-2.57,150.8,82.78,6.17
473,Emerald,90,AU,1565886900,82,-23.53,148.16,60.8,5.82
474,Palu,30,ID,1565886900,92,-0.9,119.87,73.6,2.19
475,Dossor,0,KZ,1565886901,38,47.52,52.98,79.54,2.73
476,Havoysund,75,NO,1565886901,93,71.0,24.66,46.4,10.29
477,Puqi,0,CN,1565886901,68,29.72,113.88,79.0,4.5
478,Soyo,20,AO,1565886767,69,-6.13,12.37,78.8,6.93
479,Rapid Valley,1,US,1565886902,64,44.06,-103.15,71.01,12.1
480,Meiktila,100,MM,1565886903,83,20.88,95.86,77.92,10.16
481,Aswan,0,EG,1565886881,16,24.09,32.9,104.0,12.75
482,La Pila,40,EC,1565886903,69,-1.11,-80.58,80.6,11.41
483,Quelimane,37,MZ,1565886904,91,-17.88,36.89,68.02,3.94
484,Gamba,71,CN,1565886904,66,28.28,88.52,46.6,6.31
485,Clyde,98,NZ,1565886905,54,-45.19,169.32,45.0,5.7
486,Keflavik,75,IS,1565886906,66,64.0,-22.56,53.6,8.05
487,Bad Waldsee,75,DE,1565886906,77,47.92,9.75,70.0,4.7
488,Morondava,0,MG,1565886907,58,-20.3,44.28,79.9,19.13
489,Puerto del Rosario,0,ES,1565886907,74,28.5,-13.86,84.2,17.22
490,San Jeronimo,20,PE,1565886907,328,-13.65,-73.37,37.4,10.29
491,Manyana,5,AU,1565886908,53,-35.26,150.51,54.0,14.99
492,Vysokogornyy,100,RU,1565886908,99,50.1,139.13,51.1,6.58
493,Rio Gallegos,0,AR,1565886782,55,-51.62,-69.22,35.6,11.41
494,Kijang,75,KR,1565886622,78,35.24,129.21,80.6,5.82
495,Altamira,75,BR,1565886909,66,-3.2,-52.21,87.8,5.82
496,Tommot,78,RU,1565886909,94,58.97,126.27,50.2,1.86
497,Bayonet Point,40,US,1565886621,79,28.33,-82.68,89.01,8.05
498,Nouadhibou,0,MR,1565886910,61,20.93,-17.03,78.8,21.92
499,Ust-Maya,99,RU,1565886910,64,60.42,134.54,58.12,8.79
500,Anito,100,PH,1565886911,91,12.45,125.29,76.84,3.33
501,Vila Velha,20,BR,1565886775,52,-3.71,-38.6,87.8,21.92
502,Puerto Ayacucho,40,CO,1565886912,83,5.66,-67.63,78.8,10.09
503,Tucuman,0,PE,1565886912,12,-17.17,-70.89,72.16,12.39
504,Hadgaon,100,IN,1565886912,87,19.5,77.66,76.66,5.35
505,Grand Forks,90,US,1565886913,88,47.91,-97.06,66.2,5.82
506,Waipawa,0,NZ,1565886913,95,-39.94,176.59,42.01,4.0
507,Punta Alta,0,AR,1565886914,43,-27.46,-55.82,69.8,8.05
508,Lata,99,IN,1565886914,95,30.78,78.62,46.42,1.52
509,Deputatskiy,0,RU,1565886915,80,69.3,139.9,43.0,1.25
510,Wamba,37,CD,1565886915,95,2.14,27.99,69.46,1.95
511,Los Llanos de Aridane,20,ES,1565886861,73,28.66,-17.92,77.0,16.11
512,Black River,20,JM,1565886915,66,18.03,-77.85,89.6,18.34
513,Mao,40,DO,1565886893,52,19.55,-71.08,93.2,16.11
514,Pocosol,75,CR,1565886917,78,10.37,-84.62,71.6,1.12
515,Rubio,75,VE,1565886917,54,7.7,-72.36,82.4,19.46
516,Rognan,75,NO,1565886918,82,67.1,15.4,57.0,6.93
517,Jalu,0,LY,1565886918,23,29.03,21.55,90.16,8.39
518,Teya,40,MX,1565886919,62,21.05,-89.07,91.99,10.29
519,Gimli,1,CA,1565886919,56,50.63,-96.99,73.0,3.0
520,Buchanan,75,LR,1565886920,83,5.88,-10.05,82.4,5.82
521,Batagay-Alyta,0,RU,1565886920,78,67.8,130.41,48.04,5.88
522,Kamiiso,100,JP,1565886920,97,41.82,140.65,72.7,6.73
